SS,Mã hàng,MSKH,Đối tượng gửi dữ liệu,Yêu cầu đặc biệt khi gửi dữ liệu,"Gửi Lot DAI DIEN: ""DD""
Gửi TOAN BO Lot: ""TB""",DUNG LƯỢNG 1 LẦN GỬI
FC140RD70837D,70837D,958439,,,-,
FC140RD70837D,70837D,950899Q,,,-,
FC140RD70837E,70837E,800136,,,-,
FC140RD70837F,70837F,800136,,,-,
FC140RD70837G,70837G,950899Q,MONTH,,TB,8.0
FC140RD70838B,70838B,882050K,MONTH,,DD,8.0
FC140RD70838C,70838C,882050K,MONTH,,DD,8.0
FC140RD70838E,70838E,882050K,MONTH,,DD,8.0
FC140RE70438F,70438F,300582N,,,-,
FC140RE70438F,70438F,957456S,,,-,
FC140RE70438F,70438F,958470,,,-,
FC140RE70438F,70438F,981894,,,-,
FC140RE70438F,70438F,950204Q,,,-,
FC140RE70438F,70438F,300012N,,,-,
FC140RE70438F,70438F,950956E,,,-,
FC140RE70438G,70438G,957456S,,,-,
FC140RE70438G,70438G,981894,,,-,
FC140RE70438G,70438G,300582N,,,-,
FC140RE70438G,70438G,950956E,MONTH,,TB,8.0
FC140RE70438G,70438G,950204Q,,,-,
FC140RE70438G,70438G,300012N,,,-,
FC140RE70438G,70438G,952556Q,,,-,
FC140RE70438G,70438G,955476Q ,,,-,
FC140RE70747F,70747F,502484U,,,-,
FC140RE70767K,70767K,550236,,,-,
FC140RE70767K,70767K,882134K,MONTH,,TB,8.0
FC140RE70767K,70767K,884122C,MONTH,,DD,8.0
FC140RE70767L,70767L,882134K,MONTH,,TB,8.0
FC140RE70767M,70767M,882134K,MONTH,,TB,8.0
FC140RE70767N,70767N,550236,,,-,
FC140RE70767N,70767N,884122C,MONTH,,DD,8.0
FC140RE70767P,70767P,550236,,,-,
FC140RE70767P,70767P,884122C,MONTH,,DD,8.0
FC140RE70767Q,70767Q,550236,,,-,
FC140RE70767R,70767R,884122C,MONTH,,DD,8.0
FC140RE70768K,70768K,550236,,,-,
FC140RE70768K,70768K,882134K,MONTH,,TB,8.0
FC140RE70768K,70768K,884122C,MONTH,,DD,8.0
FC140RE70768L,70768L,882134K,MONTH,,TB,8.0
FC140RE70768M,70768M,882134K,MONTH,,TB,8.0
FC140RE70768N,70768N,550236,,,-,
FC140RE70768N,70768N,884122C,MONTH,,DD,8.0
FC140RE70768P,70768P,550236,,,-,
FC140RE70768P,70768P,884122C,MONTH,,DD,8.0
FC140RE70768Q,70768Q,550236,,,-,
FC140RE70768R,70768R,884122C,MONTH,,DD,8.0
FC140RE70770D,70770D,137745,,,-,
FC140RE70770C,70770C,137745,,,-,
FC140RE70770E,70770E,137745,,,-,
FC140RE70773C,70773C,940775,MONTH,,DD,8.0
FC140RE70773C,70773C,974204T,MONTH,,DD,8.0
FC140RE70773D,70773D,940775,MONTH,,DD,8.0
FC140RE70773E,70773E,974204T,MONTH,,DD,8.0
FC140RE70773F,70773F,940775,MONTH,,DD,8.0
FC140RE70773F,70773F,950998Q,,,-,
FC140RE70773G,70773G,974204T ,MONTH,,DD,8.0
FC140RE70773H,70773H,940775,MONTH,,DD,8.0
FC140RE70773H,70773H,950998Q,,,-,
FC140RE70781F,70781F,300038N,,,-,
FC140RE70781F,70781F,550236,,,-,
FC140RE70781F,70781F,882134K,MONTH,,TB,8.0
FC140RE70781F,70781F,300194N,,,-,
FC140RE70781G,70781G,550236,,,-,
FC140RE70781G,70781G,886861,MONTH,,DD,8.0
FC140RE70781G,70781G,882134K,MONTH,,TB,8.0
FC140RE70781G,70781G,300194N,,,-,
FC140RE70781H,70781H,882134K,MONTH,,TB,8.0
FC140RE70781J,70781J,882134K,MONTH,,TB,8.0
FC140RE70781K,70781K,550236,,,-,
FC140RE70781K,70781K,886861,MONTH,,DD,8.0
FC140RE70781K,70781K,300194N,,,-,
FC140RE70781L,70781L,550236,,,-,
FC140RE70781M,70781M,300194N,,,-,
FC140RE70781N,70781N,550236,,,-,
FC140RE70781N,70781N,509372U,,,-,
FC140RE70781Q,70781Q,300194N,,,-,
FC140RE70782F,70782F,300038N,,,-,
FC140RE70782F,70782F,550236,,,-,
FC140RE70782F,70782F,882134K,MONTH,,TB,8.0
FC140RE70782F,70782F,300194N,,,-,
FC140RE70782G,70782G,550236,,,-,
FC140RE70782G,70782G,886861,MONTH,,DD,8.0
FC140RE70782G,70782G,882134K,MONTH,,TB,8.0
FC140RE70782G,70782G,300194N,,,-,
FC140RE70782H,70782H,882134K,MONTH,,TB,8.0
FC140RE70782J,70782J,882134K,MONTH,,TB,8.0
FC140RE70782J,70782J,550236,,,-,
FC140RE70782K,70782K,550236,,,-,
FC140RE70782K,70782K,886861,MONTH,,DD,8.0
FC140RE70782K,70782K,300194N,,,-,
FC140RE70782L,70782L,550236,,,-,
FC140RE70782M,70782M,300194N,,,-,
FC140RE70782N,70782N,550236,,,-,
FC140RE70782N,70782N,509372U,,,-,
FC140RE70782Q,70782Q,300194N,,,-,
FC140RE72237C,72237C,958207,,,-,
FC140RE72237C,72237C,950014Q,,,-,
FC140RE72237D,72237D,958207,,,-,
FC140RE72237D,72237D,950014Q,,,-,
FC140RE72237E,72237E,950014Q,,,-,
FC140RE72985C,72985C,104059,,,-,
FC140RE74333A,74333A,502484U,,,-,
FC140RE74333A,74333A,883322,MONTH,,DD,8.0
FC140RE74424D,74424D,882134K,MONTH,,TB,8.0
FC140RE74424E,74424E,882134k,MONTH,,TB,8.0
FC140RE74424E,74424E,884122C,MONTH,,DD,8.0
FC140RE74424F,74424F,550236,,,-,
FC140RE74424F,74424F,884122C,MONTH,,DD,8.0
FC140RE74424F,74424F,882100K,MONTH,,DD,8.0
FC140RE74424G,74424G,550236,,,-,
FC140RE74424G,74424G,884122C,MONTH,,DD,8.0
FC140RE74424H,74424H,550236,,,-,
FC140RE74424J,74424J,884122C,MONTH,,DD,8.0
FC140RE74425D,74425D,882134K,MONTH,,TB,8.0
FC140RE74425E,74425E,882134K,MONTH,,TB,8.0
FC140RE74425E,74425E,884122C,MONTH,,DD,8.0
FC140RE74425F,74425F,550236,,,-,
FC140RE74425F,74425F,884122C,MONTH,,DD,8.0
FC140RE74425F,74425F,882100K,MONTH,,DD,8.0
FC140RE74425G,74425G,550236,,,-,
FC140RE74425G,74425G,884122C,MONTH,,DD,8.0
FC140RE74425H,74425H,550236,,,-,
FC140RE74425J,74425J,884122C,MONTH,,DD,8.0
FC140RM70858E,70858E,882050K,MONTH,,DD,8.0
FC140RM70858E,70858E,507277U,,,-,
FC140RM70858E,70858E,880450C,MONTH,,DD,8.0
FC140RM70858E,70858E,941138,,,-,
FC140RM70858G,70858G,882050K,MONTH,,DD,8.0
FC140RM70858G,70858G,941138,,,-,
FC140RM70858J,70858J,882050K,MONTH,,DD,8.0
FC140RM70858J,70858J,880450C,MONTH,,DD,8.0
FC140RM70858J,70858J,941138,,,-,
FC140RM70858J,70858J,953232Q,,,-,
FC140RM70858L,70858L,895532C,,,-,
FC140RM70858L,70858L,882050K,MONTH,,DD,8.0
FC140RM70858L,70858L,880450C,MONTH,,DD,8.0
FC140RM70858L,70858L,953232Q,,,-,
FC140RM70858L,70858L,941138,,,-,
FC140RM70859E,70859E,882050K,MONTH,,DD,8.0
FC140RM70859E,70859E,507277U,,,-,
FC140RM70859E,70859E,880450C,MONTH,,DD,8.0
FC140RM70859E,70859E,941138,,,-,
FC140RM70859G,70859G,882050K,MONTH,,DD,8.0
FC140RM70859G,70859G,941138,,,-,
FC140RM70859J,70859J,882050K,MONTH,,DD,8.0
FC140RM70859J,70859J,941138,,,-,
FC140RM70859J,70859J,880450C,MONTH,,DD,8.0
FC140RM70859J,70859J,953232Q,,,-,
FC140RM70859L,70859L,953232Q,,,-,
FC140RM70859L,70859L,941138,,,-,
FC140RM70859L,70859L,882050K,MONTH,,DD,8.0
FC140RM70859L,70859L,880450C,MONTH,,DD,8.0
FC140RM70859L,70859L,895532C,,,-,
FC140SD70860G,70860G,950899Q,MONTH,,DD,8.0
FC140SD72459E,72459E,882050K,MONTH,,DD,8.0
FC140SD72459F,72459F,882050K,MONTH,,DD,8.0
FC140SD72459H,72459H,882050K,MONTH,,DD,8.0
FC140SE70796E,70796E,502484U,,,-,
FC140SE70798E,70798E,502484U,,,-,
FC140SE70801D,70801D,505834U,,,-,
FC140SE70801D,70801D,514166,,,-,
FC140SE70806E,70806E,882175K,MONTH,,TB,8.0
FC140SE70806G,70806G,882175K,MONTH,,TB,
FC140SE70810D,70810D,137927,,,-,
FC140SE70810E,70810E,137927,,,-,
FC140SE70810G,70810G,137927,,,-,
FC140SE70811D,70811D,137927,,,-,
FC140SE70811E,70811E,137927,,,-,
FC140SE70811G,70811G,137927,,,-,
FC140SE72145E,72145E,502484U,,,,
FC140SE72355D,72355D,882134K,MONTH,,TB,8.0
FC140SE72355D,72355D,300038N,,,-,
FC140SE72355F,72355F,300038N,,,-,
FC140SE72355G,72355G,882134K,MONTH,,TB,8.0
FC140SE72355H,72355H,550236,,,-,
FC140SE72355H,72355H,300038N,,,-,
FC140SE72355L,72355L,300038N,,,-,
FC140SE73055D,73055D,882175K,MONTH,,TB,8.0
FC140SE73055E,73055E,882175K,MONTH,,TB,8.0
FC140SE73055H,73055H,882175K,MONTH,,TB,8.0
FC140SE73682E,73682E,204172N,,,-,
FC140SE73682F,73682F,891051C,,,-,
FC140SE74524C,74524C,508093U,,,-,
FC140SE74524C,74524C,508515U,,,-,
FC140SE74524D,74524D,508093U,,,-,
FC140SE74524D,74524D,508515U,,,-,
FC140SE74524E,74524E,508515U,,,-,
FC140SE74524F,74524F,508093U,,,-,
FC140SE74524F,74524F,508515U,,,-,
FC140SE74524H,74524H,508093U,,,-,
FC140SE74524H,74524H,508515U,,,-,
FC140SE74986A,74986A,888644,,,-,
FC140SE74986A,74986A,901165,,,-,
FC140SE74986A,74986A,892521C,MONTH,,DD,8.0
FC140SE75052B,75052B,177469,,,-,
FC140SE75052B,75052B,950204Q,,,-,
FC140SE75052B,75052B,889006W,MONTH,,DD,8.0
FC140SE75052C,75052C,177469,,,-,
FC140SE75052C,75052C,950204Q,,,-,
FC140SE75052C,75052C,950956E,MONTH,,TB,8.0
FC140SE75052C,75052C,200394N,,,-,
FC140SE75052C,75052C,300582N,,,-,
FC140SE75052C,75052C,889873W,,,-,
FC140SE75052C,75052C,871137,,,-,
FC140SE75052C,75052C,300012N,,,-,
FC140SE75052C,75052C,889006W,MONTH,,DD,8.0
FC140SE75052C,75052C,955476Q,MONTH,,TB,8.0
FC140SE75245A,75245A,300038N,,,-,
FC140SE75245D,75245D,300038N,,,-,
FC140SE75245E,75245E,300038N,,,-,
FC140SE75456A,75456A,884510K,,,-,
FC140SE75456A,75456A,883421K,MONTH,,DD,8.0
FC140SE76407A,76407A,860221V,,,-,
FC140SE76407A,76407A,860247V,,,-,
FC140SE75857B,75857B,882027K,MONTH,,DD,8.0
FC140SE76059A,76059A,508515U,,,-,
FF180PV45986E,45986E,510271,,,"DD (bỏ thùng carton,
đống dấu [DATA INSIDE])",
FF180PV45986H,45986H,505461U,,,-,
FF180PV45986H,45986H,510271,,,"DD (bỏ thùng carton,
đống dấu [DATA INSIDE])",
FF180PV45986H,45986H,880138,ORDER,Bỏ file giấy thùng carton,DD,
FF180PV45986H,45986H,204834N,,,-,
FF180PV45986J,45986J,510271,,,-,
FF180PV45986J,45986J,508150U,,,-,
FF180PV45986K,45986K,510271,,,"DD (bỏ thùng carton,
đống dấu [DATA INSIDE])",
FF180PV45986K,45986K,204834N,,,-,
FF180PV45986K,45986K,880138,ORDER,Bỏ file giấy thùng carton,DD,
FF180PV45986K,45986K,508150U,,,-,
FF180PV45986N,45986N,204834N,,,-,
FF180PV45986N,45986N,508150U,,,-,
FF180PV45986N,45986N,880138,ORDER,Bỏ file giấy thùng carton,DD,
FF180PV45987J,45987J,510271,,,"DD (bỏ thùng carton,
đống dấu [DATA INSIDE])",
FF180PV45987M,45987M,510271,,,"DD (bỏ thùng carton,
đống dấu [DATA INSIDE])",
FF180PV45987N,45987N,510271,,,"DD (bỏ thùng carton,
đống dấu [DATA INSIDE])",
FS375VA76028A,76028A,509182U ,,,-,
FS375VA76028A,76028A,300921X,,,-,
RF370CB44739F,44739F,860197V,WEEK,"List excel
File data PDF 
(Nhập SLSX vào file data PDF)",DD,8.0
RF370CB44739G,44739G,882530K,MONTH,,DD,8.0
RF370CB44739H,44739H,882530K,MONTH,,DD,8.0
RF370CB44739J,44739J,860197V,WEEK,"List excel
File data PDF 
(Nhập SLSX vào file data PDF)",DD,8.0
RF370CB44740H,44740H,860197V,WEEK,"List excel
File data PDF 
(Nhập SLSX vào file data PDF)",DD,8.0
RF370CB44740H,44740H,882530K,MONTH,,DD,8.0
RF370CB44741F,44741F,882530K,MONTH,,DD,8.0
RF370CB44741F,44741F,962402H,,,-,
RF370CB46294B,46294B,882530K,MONTH,,DD,8.0
RF370CB46294C,46294C,882530K,MONTH,,DD,8.0
RF370CB46294D,46294D,882530K,MONTH,,DD,8.0
RF370CB70135K,70135K,882027K,MONTH,,DD,8.0
RF370CB70135K,70135K,941013,,,-,
RF370CB70135N,70135N,882027K,MONTH,,DD,8.0
RF370CB70135Q,70135Q,882027K,MONTH,,DD,8.0
RF370CB70135Q,70135Q,941013,,,-,
RF370CB70135Q,70135Q,953893Q,,,-,
RF370CB70246F,70246F,882027K,MONTH,,DD,8.0
RF370CB70246H,70246H,882027K,MONTH,,DD,8.0
RF370CB70247F,70247F,882027K,MONTH,,DD,8.0
RF370CB70948D,70948D,882027K,MONTH,,DD,8.0
RF370CB70965D,70965D,220392,,,-,
RF370CB70996B,70996B,962185H,MONTH,,DD,
RF370CB70998D,70998D,504894U,MONTH,List excel,TB,8.0
RF370CB70998G,70998G,504894U,MONTH,List excel,TB,8.0
RF370CB70999D,70999D,504894U,MONTH,List excel,TB,8.0
RF370CB70999E,70999E,504894U,MONTH,List excel,TB,8.0
RF370CB71002H,71002H,109116,MONTH,,TB,8.0
RF370CB71006J,71006J,109116,MONTH,,TB,8.0
RF370CB71008H,71008H,109116,MONTH,,TB,8.0
RF370CB71008J,71008J,109116,MONTH,,TB,8.0
RF370CB71008J,71008J,109116D,,,-,
RF370CB71010H,71010H,109116,MONTH,,TB,8.0
RF370CB71010J,71010J,109116,MONTH,,TB,8.0
RF370CB71010J,71010J,109116D,,,-,
RF370CB71011J,71011J,109116,MONTH,,TB,8.0
RF370CB71014A,71014A,882027K,MONTH,,DD,8.0
RF370CB71014A,71014A,941013,,,-,
RF370CB71014C,71014C,941013,,,-,
RF370CB71016E,71016E,504894U,MONTH,List excel,TB,8.0
RF370CB71016F,71016F,504894U,MONTH,List excel,TB,8.0
RF370CB71122H,71122H,109116,MONTH,,TB,8.0
RF370CB72247B,72247B,882027K,MONTH,,TB,8.0
RF370CB72251E,72251E,882027K,MONTH,,DD,8.0
RF370CB72251E,72251E,950337Q,,,-,
RF370CB72295B,72295B,882084K,MONTH,,DD,8.0
RF370CB72675F,72675F,871129,,,-,
RF370CB72877D,72877D,507160U,MONTH,List excel,TB,8.0
RF370CB73076D,73076D,507160U,MONTH,List excel,TB,8.0
RF370CB73076D,73076D,300665N,,,-,
RF370CB73076E,73076E,504894U,MONTH,List excel,TB,8.0
RF370CB73076E,73076E,507160U,MONTH,List excel,TB,8.0
RF370CB73076E,73076E,300665N,,,-,
RF370CB73083C,73083C,871129,,,-,
RF370CB73083D,73083D,871129,,,-,
RF370CB73083D,73083D,952820Q,,,-,
RF370CB73276D,73276D,882027K,MONTH,,DD,8.0
RF370CB73276E,73276E,941013,,,-,
RF370CB73276F,73276F,882027K,MONTH,,DD,8.0
RF370CB73276F,73276F,941013,MONTH,,DD,8.0
RF370CB73276F,73276F,953893Q,,,-,
RF370CB73283D,73283D,882027K,MONTH,,DD,8.0
RF370CB73283E,73283E,882027K,MONTH,,DD,8.0
RF370CB73658A,73658A,505180U,,,-,
RF370CB73980A,73980A,883900K,MONTH,,DD,8.0
RF370CB73980B,73980B,882084K,MONTH,,DD,8.0
RF370CB73980B,73980B,883900K,,,-,
RF370CB73980C,73980C,882084K,MONTH,,DD,8.0
RF370CB74000B,74000B,204198N,,,-,
RF370CB74000C,74000C,191460,,,-,
RF370CB74000E,74000E,191460,,,-,
RF370CB74001B,74001B,204198N,,,-,
RF370CB74001C,74001C,191460,,,-,
RF370CB74001E,74001E,191460,,,-,
RF370CB74058A,74058A,883900K,MONTH,,DD,8.0
RF370CB74058B,74058B,883900K,MONTH,,DD,8.0
RF370CB74295A,74295A,882027K,MONTH,,DD,8.0
RF370CB74295A,74295A,950337Q,,,-,
RF370CB74295C,74295C,950337Q,,,-,
RF370CB74520B,74520B,143891,,,-,
RF370CB74557A,74557A,200097N,,,-,
RF370CB74557B,74557B,200097N,,,-,
RF370CB74624A,74624A,882027K,MONTH,,DD,8.0
RF370CB74624A,74624A,950337Q,,,-,
RF370CB74624B,74624B,882027K,MONTH,,DD,8.0
RF370CB74624B,74624B,950337Q,,,-,
RF370CB74624B,74624B,941013,MONTH,,DD,8.0
RF370CB74624B,74624B,953893Q,,,-,
RF370CB74650A,74650A,200097N,,,-,
RF370CB74650A,74650A,901165,,,-,
RF370CB74650A,74650A,204685N,,,-,
RF370CB74658B,74658B,502401U,,,-,
RF370CB74929A,74929A,882027K,MONTH,,DD,8.0
RF370CB74929B,74929B,882027K,MONTH,,DD,8.0
RF370CB75699A,75699A,882084K,MONTH,,DD,8.0
RF370CB76046A,76046A,860221V,,,-,
RF370CB76046A,76046A,860247V ,,,-,
RF370CB76029A,76029A,503169U,,,-,
RF370CB76029A,76029A,509158U,,,-,
RF370CB76282A,76282A,200097N,,,-,
RF370CB76412A,76412A,860221V,,,-,
RF370CB76412A,76412A,860247V ,,,-,
RF370CB76360A,76360A,109116,MONTH,,TB,8.0
RK370CA43589B,43589B,300400N,,,-,
RK370CA43589B,43589B,961694H,,,-,
RK370CA43589B,43589B,862258H,,,-,
RK370CA44717D,44717D,860072V,WEEK,"List excel
File data PDF 
(Nhập SLSX vào file data PDF+ lưu tên file theo yêu cầu KH)",TB,3.5
RK370CA44926F,44926F,860072V,WEEK,"List excel
File data PDF 
(Nhập SLSX vào file data PDF+ lưu tên file theo yêu cầu KH)",TB,3.5
RK370CA44926F,44926F,957258S,MONTH,,TB,
RK370CA44926G,44926G,860072V,WEEK,"List excel
File data PDF 
(Nhập SLSX vào file data PDF+ lưu tên file theo yêu cầu KH)",TB,3.5
RK370CA45322D,45322D,957217S,MONTH,,TB,3.5
RK370CA45322D,45322D,951103E,MONTH,,TB,3.5
RK370CA45322E,45322E,957217S,MONTH,,TB,3.5
RK370CA45322E,45322E,951103E,MONTH,,TB,3.5
RK370CA45839C,45839C,957217S,MONTH,,TB,3.5
RK370CA45839C,45839C,951103E,MONTH,,TB,3.5
RK370CA45839D,45839D,951103E,MONTH,,TB,3.5
RK370CA45873C,45873C,957217S,MONTH,,TB,3.5
RK370CA45873C,45873C,951103E,MONTH,,TB,3.5
RK370CA45873D,45873D,957217S,MONTH,,TB,3.5
RK370CA45873D,45873D,951103E,MONTH,,TB,3.5
RK370CA46271E,46271E,860239V ,WEEK,-,DD,8.0
RK370CA46568A,46568A,958686S,MONTH,,DD,8.0
RK370CA46568A,46568A,951053E,MONTH,,TB,8.0
RK370CA47013A,47013A,957217S,MONTH,,TB,3.5
RK370CA47013A,47013A,951103E,MONTH,,TB,3.5
RK370CA47142A,47142A,220707,,,-,
RK370CA47142A,47142A,962258H,,,-,
RK370CA47142A,47142A,886572C,,,-,
RK370CA47142A,47142A,962180H,,,-,
RK370CA47142A,47142A,962392H,,,-,
RK370CA47142A,47142A,962407H,,,-,
RK370CA47142B,47142B,220707,,,-,
RK370CA47142B,47142B,962392H,MONTH,,DD,8.0
RK370CA47142B,47142B,886572C,,,-,
RK370CA47142B,47142B,962407H,,,-,
RK370CA47142B,47142B,962180H,,,-,
RK370CA47142B,47142B,962415H,,,-,
RK370CA47143A,47143A,220707,,,-,
RK370CA47143A,47143A,962258H,,,-,
RK370CA47143A,47143A,886572C,,,-,
RK370CA47143A,47143A,957886,,,-,
RK370CA47143A,47143A,962392H,,,-,
RK370CA47143B,47143B,220707,,,-,
RK370CA47143B,47143B,962392H,MONTH,,DD,8.0
RK370CA47143B,47143B,886572C,,,-,
RK370CA47143B,47143B,962407H,,,-,
RK370CA47143B,47143B,962415H,,,-,
RK370CA47210A,47210A,220707,,,-,
RK370CA47210A,47210A,957886,,,-,
RK370CA47210A,47210A,886572C,,,-,
RK370CA47210B,47210B,220707,,,-,
RK370CA47210B,47210B,886572C,,,-,
RK370CA47210B,47210B,954388Q,MONTH,,TB,8.0
RK370CA47219A,47219A,220707,,,-,
RK370CA47219A,47219A,957886,,,-,
RK370CA47219B,47219B,220707,,,-,
RK370CA47219B,47219B,957886,,,-,
RK370CA47219B,47219B,954388Q,MONTH,,TB,8.0
RS360SH71022C,71022C,128645K,,,-,
RS360SH71022D,71022D,128645K,,,-,
RS360SH71024G,71024G,220046,,,-,
RS360SH71024H,71024H,220046,,,-,
RS360SH71024H,71024H,893743C,,,-,
RS360SH71024J,71024J,220046,,,-,
RS360SH71024N,71024N,893743C,,,-,
RS360SH71025B,71025B,101675,,,-,
RS360SH71025B,71025B,158410A,,,-,
RS360SH71029B,71029B,127647,,,-,
RS360SH71029B,71029B,102210,,,-,
RS360SH71029B,71029B,193359,,,-,
RS360SH71029E,71029E,127647,,,-,
RS360SH71026C,71026C,127647,,,-,
RS360SH71030B,71030B,105395A,,,-,
RS360SH71157C,71157C,127647,,,-,
RS360SH72339A,72339A,105395A,,,-,
RS360SH75189B,75189B,191940,,,-,
RS360SH75189B,75189B,192476,,,-,
RS360SH75189D,75189D,192476,,,-,
RS365PH38219B,38219B,891069S,,,-,
RS365PH38219B,38219B,962180H,,,-,
RS365PH38219B,38219B,962258H,,,-,
RS365PH38219B,38219B,957886,,,-,
RS365PH38219B,38219B,300400N,,,-,
RS365PH38219B,38219B,886572C,,,-,
RS365PH38219D,38219D,220707,,,-,
RS365PH38219D,38219D,962258H,,,-,
RS365PH38219D,38219D,962407H,,,-,
RS365PH38219E,38219E,220707,,,-,
RS365PH38219E,38219E,962407H,,,-,
RS365PH38219F,38219F,220707,,,-,
RS365PH38219F,38219F,886572C,,,-,
RS365PH38219F,38219F,954388Q,MONTH,,TB,8.0
RS365PH44592A,44592A,300400N,,,-,
RS365PH44592A,44592A,886572C,,,-,
RS365PH44592A,44592A,220707,,,-,
RS365PH44592A,44592A,957886,,,-,
RS365PH44592A,44592A,962258H,,,-,
RS365PH45952A,45952A,962258H,,,-,
RS365PH45952A,45952A,962407H,,,-,
RS365PH45952A,45952A,954388Q,MONTH,,TB,8.0
RS365PH45952A,45952A,220707,,,-,
RS365PH45952A,45952A,957886,,,-,
RS365PH45952F,45952F,962407H,,,-,
RS365PH45952F,45952F,220707,,,-,
RS365PH45952F,45952F,954388Q,MONTH,,TB,8.0
RS365PV46245A,46245A,871103,,,-,
RS365PV46245A,46245A,955484Q,,,-,
RS365SH71440B,71440B,129866A,,,-,
RS365SH71442F,71442F,220046,,,-,
RS380PH71023C,71023C,147520,,,-,
RS380PH71023D,71023D,147520,,,-,
RS380PH71036B,71036B,520320U,,,-,
RS380PH71036B,71036B,505370U,,,-,
RS380PH71037E,71037E,137745,,,-,
RS380PH71037F,71037F,137745,,,-,
RS380PH71037G,71037G,137745,,,-,
RS380PH71039H,71039H,101097,MONTH,"list excel
file data PDF 
(nhập SLSX vào file PDF)",TB,8.0
RS380PH71039J,71039J,101097,MONTH,"list excel
file data PDF 
(nhập SLSX vào file PDF)",TB,8.0
RS380PH71040G,71040G,860049V,WEEK,"Nhập SLSX 
vào file PDF",TB,8.0
RS380PH71040J,71040J,860049V,WEEK,"Nhập SLSX 
vào file PDF",TB,8.0
RS380PH71042F,71042F,505248U,,,-,
RS380PH71042G,71042G,505248U,,,-,
RS380PH71042H,71042H,505248U,,,-,
RS380PH71043F,71043F,505248U,,,-,
RS380PH73046J,73046J,512491,,,-,
RS380PH73046J,73046J,941146,MONTH,,TB,8.0
RS380PH73046J,73046J,884411C,MONTH,,TB,8.0
RS380PH73046L,73046L,884411C,MONTH,,TB,8.0
RS380PH73046K,73046K,884411C,MONTH,,TB,8.0
RS380PH73046M,73046M,512491,,,-,
RS380PH73046R,73046R,884411C,MONTH,,TB,8.0
RS380PH73046S,73046S,941146,MONTH,,TB,8.0
RS380PH73046S,73046S,512491,,,-,
RS380PH73046S,73046S,950584Q,,,-,
RS380PH74168E,74168E,192055,MONTH,Nhập form riêng,TB,
RS380PH74168F,74168F,950493Q,,,-,
RS380PH74168G,74168G,950493Q,,,-,
RS380PH74168H,74168H,950493Q,,,-,
RS380PH74435B,74435B,137927,,,-,
RS380PH74435B,74435B,13927A,,,-,
RS380PH74435C,74435C,137927,,,-,
RS380PH74435C,74435C,137927A,,,-,
RS380PH75258A,75258A,504746U,,,-,
RS380PH75258A,75258A,506139U,,,-,
RS380SH71034H,71034H,860049V,WEEK,"Nhập SLSX 
vào file PDF",TB,8.0
RS380SH71035H,71035H,101097,MONTH,"list excel
file data PDF 
(nhập SLSX vào file PDF)",TB,8.0
RS380SH71035K,71035K,860049V,WEEK,"Nhập SLSX 
vào file PDF",TB,8.0
RS380SH71035L,71035L,101097,MONTH,"list excel
file data PDF 
(nhập SLSX vào file PDF)",TB,8.0
RS385PH36431A,36431A,871103,,,-,
RS385PH37025D,37025D,957217S,MONTH,,TB,3.5
RS385PH37025D,37025D,951103E,MONTH,,TB,3.5
RS385PH42082B,42082B,871103,,,-,
RS385PH43826B,43826B,871103,,,-,
RS385PH43827B,43827B,981928,,,-,
RS385PH43827B,43827B,981951,,,-,
RS385PH43827B,43827B,957555S,,,-,
RS385PH43827B,43827B,955252Q,,,-,
RS385PH44139C,44139C,860072V,WEEK,"List excel
File data PDF 
(Nhập SLSX vào file data PDF+ lưu tên file theo yêu cầu KH)",TB,3.5
RS385PH44139D,44139D,860072V,WEEK,"List excel
File data PDF 
(Nhập SLSX vào file data PDF+ lưu tên file theo yêu cầu KH)",TB,3.5
RS385PH44327C,44327C,957258S,MONTH,,TB,
RS385PH44327C,44327C,957217S,MONTH,,TB,3.5
RS385PH44327C,44327C,951103E,MONTH,,TB,3.5
RS385PH44329B,44329B,957258S,MONTH,,TB,
RS385PH44329B,44329B,957217S,MONTH,,TB,3.5
RS385PH44329B,44329B,951087E,MONTH,,TB,3.5
RS385PH44329C,44329C,957258S,MONTH,,TB,
RS385PH44485B,44485B,957217S,MONTH,,TB,3.5
RS385PH44485B,44485B,957258S,MONTH,,TB,
RS385PH44485B,44485B,951087E,MONTH,,TB,3.5
RS385PH44486B,44486B,957217S,MONTH,,TB,3.5
RS385PH44486B,44486B,951103E,MONTH,,TB,3.5
RS385PH44486B,44486B,951087E,MONTH,,TB,3.5
RS385PH44486D,44486D,100750,,,-,
RS385PH44486D,44486D,951087E,MONTH,,TB,3.5
RS385PH44486D,44486D,951103E,MONTH,,TB,3.5
RS385PH44487B,44487B,957217S,MONTH,,TB,3.5
RS385PH44487B,44487B,951103E,MONTH,,TB,3.5
RS385PH44487B,44487B,951087E,MONTH,,TB,3.5
RS385PH44487C,44487C,951103E,MONTH,,TB,3.5
RS385PH44487C,44487C,951087E,MONTH,,TB,3.5
RS385PH44854A,44854A,962108H,,,-,
RS385PH45159D,45159D,871103,,,-,
RS385PH45159E,45159E,871103,,,-,
RS385PH45159E,45159E,955484Q,,,-,
RS385PH70792A,70792A,106195,,,-,
RS385PH70792E,70792E,106195,,,-,
RS385PH71445C,71445C,208504,,,-,
RS385PH71445C,71445C,200246N,,,-,
RS385PH71447C,71447C,128504A,,,-,
RS385PH71449C,71449C,147520,,,-,
RS385PH71449D,71449D,147520,,,-,
RS385PH71450F,71450F,101097,,,-,
RS385PH71450G,71450G,101097,,,-,
RS385PH71450H,71450H,101097,,,-,
RS385PH71450J,71450J,101097,,,-,
RS385PH71451G,71451G,860049V,WEEK,"Nhập SLSX 
vào file PDF",TB,8.0
RS385PH71453C,71453C,127647,,,-,
RS385PH71453E,71453E,127647,,,-,
RS385PH71454C,71454C,147520,,,-,
RS385PH71454D,71454D,147520,,,-,
RS385PH71455E,71455E,502781U,,,-,
RS385PH71455G,71455G,502781U,,,-,
RS385PH71456E,71456E,101097,MONTH,"list excel
file data PDF 
(nhập SLSX vào file PDF)",TB,8.0
RS385PH71457F,71457F,101097,,,-,
RS385PH71458F,71458F,167502H,,,-,
RS385PH71458H,71458H,167502H,,,-,
RS385PH71462A,71462A,222026,,,-,
RS385PH71462B,71462B,222026,,,-,
RS385PH71464D,71464D,882886K,MONTH,,DD,8.0
RS385PH71464D,71464D,883322K,,,-,
RS385PH71465B,71465B,901165,,,-,
RS385PH71465C,71465C,901165,,,-,
RS385PH71466H,71466H,504795U,,,-,
RS385PH71466H,71466H,882431C,MONTH,,DD,8.0
RS385PH71466J,71466J,882431C,MONTH,,DD,8.0
RS385PH71466J,71466J,504795U,,,-,
RS385PH71466J,71466J,895946C,,,-,
RS385PH72549J,72549J,505248U,,,-,
RS385PH72549L,72549L,505248U,,,-,
RS385PH72589D,72589D,882886K,MONTH,,DD,8.0
RS385PH72589D,72589D,883322K,,,-,
RS385PH72589E,72589E,883322K,,,-,
RS385PH72709E,72709E,191734,,,-,
RS385PH72709G,72709G,191734,,,-,
RS385PH72949D,72949D,958272,,,-,
RS385PH72949D,72949D,950857Q,MONTH,,DD,8.0
RS385PH72949G,72949G,950857Q,MONTH,,DD,8.0
RS385PH73086D,73086D,128645T,,,-,
RS385PH73086D,73086D,128645K,,,-,
RS385PH73097D,73097D,883660C,,,-,
RS385PH73665H,73665H,501028U,,,-,
RS385PH73665H,73665H,505248U,,,-,
RS385PH73665J,73665J,505248U,,,-,
RS385PH74440A,74440A,102616A,MONTH,,DD,8.0
RS385PH74925B,74925B,167502H,,,-,
RS385PH74925B,74925B,958272,,,-,
RS385PH74925B,74925B,950857Q,MONTH,,DD,8.0
RS385PH74925C,74925C,950857Q,MONTH,,DD,8.0
RS385PH75075B,75075B,147520,,,-,
RS385PH75446A,75446A,501028U,,,-,
RS385PH75446B,75446B,505248U,,,-,
RS385PH75446C,75446C,505248U,,,-,
RS385PH76149A,76149A,887810C,,,-,
RS385PH76149A,76149A,894725C,,,-,
RS385PH76326A,76326A,882431C,MONTH,,DD,8.0
RS385PH76326A,76326A,895946C,,,-,
RS385PH76326B,76326B,882431C,MONTH,,DD,8.0
RS385PH76326B,76326B,895946C,,,-,
RS385PH76447A,76447A,975532T,,,-,
RS385PV45644D,45644D,220707,,,-,
RS385PV45644D,45644D,962180H,,,-,
RS385PV45644D,45644D,957886,,,-,
RS385PV45644D,45644D,886572C,,,-,
RS385PV45644D,45644D,220707N,,,-,
RS385PV45644E,45644E,220707,,,-,
RS385PV45644E,45644E,962180H,,,-,
RS385PV45644E,45644E,957886,,,-,
RS385PV45644E,45644E,886572C,,,-,
RS385PV45644F,45644F,220707,,,-,
RS385PV45644F,45644F,886572C,,,-,
RS385PV45644F,45644F,962407H,,,-,
RS385PV45644F,45644F,954388Q,MONTH,,TB,8.0
RS385PV45675D,45675D,957217S,MONTH,,TB,3.5
RS385PV45675D,45675D,951103E,MONTH,,TB,3.5
RS385PV45675F,45675F,951103E,MONTH,,TB,3.5
RS385PV45940B,45940B,957217S,MONTH,,TB,3.5
RS385PV45940B,45940B,951103E,MONTH,,TB,3.5
RS385PV45940D,45940D,951103E,MONTH,,TB,3.5
RS385PV45941A,45941A,957217S,MONTH,,TB,3.5
RS385PV45941A,45941A,951103E,MONTH,,TB,3.5
RS385PV45941B,45941B,100750,,,-,
RS385PV45941B,45941B,951103E,MONTH,,TB,3.5
RS385PV45942A,45942A,901165,,,-,
RS385PV45942B,45942B,923995H,,,-,
RS385PV45942B,45942B,300954X,,,-,
RS385PV45942B,45942B,901165,,,-,
RS385PV46193C,46193C,957217S,MONTH,,TB,3.5
RS385PV46193C,46193C,957258S,MONTH,,TB,
RS385PV46193C,46193C,951087E,MONTH,,TB,3.5
RS385PV46193E,46193E,951087E,MONTH,,TB,3.5
RS385PV46208A,46208A,127423,,,-,
RS385PV46208A,46208A,981951,,,-,
RS385PV46208A,46208A,957555S,MONTH,,DD,8.0
RS385PV46208A,46208A,951756Q,,,-,
RS385PV46219C,46219C,860072V,WEEK,"List excel
File data PDF 
(Nhập SLSX vào file data PDF+ lưu tên file theo yêu cầu KH)",TB,3.5
RS385PV46219D,46219D,100750,,,-,
RS385PV46219D,46219D,860072V,WEEK,"List excel
File data PDF 
(Nhập SLSX vào file data PDF+ lưu tên file theo yêu cầu KH)",TB,3.5
RS385PV46322A,46322A,871103,,,-,
RS385PV46322A,46322A,955484Q,,,-,
RS385PV46384A,46384A,127423,,,-,
RS385PV46384A,46384A,901165,,,-,
RS385PV46384A,46384A,871103,,,-,
RS385PV46384A,46384A,955484Q,,,-,
RS385PV46427C,46427C,127423,,,-,
RS385PV46427C,46427C,871103,,,-,
RS385PV46427C,46427C,962247H,,,-,
RS385PV46427C,46427C,955484Q,,,-,
RS385PV46551B,46551B,919829H,MONTH,Nhập form (QMF-004),DD (QMF-004),
RS385PV46610A,46610A,223388,,,-,
RS385PV46610A,46610A,961194H,MONTH,Nhập form (QMF-004),DD (QMF-004),
RS385PV46610A,46610A,962307H,MONTH,,DD,8.0
RS385PV46613A,46613A,223388,,,-,
RS385PV46613A,46613A,961573H,MONTH,Nhập form (QMF-004),DD (QMF-004),
RS385PV46626A,46626A,116145,MONTH,,TB,
RS385PV46626A,46626A,958801,,,-,
RS385PV46626A,46626A,951004E,,,-,
RS385PV46626A,46626A,127423,,,-,
RS385PV46626A,46626A,981951,,,-,
RS385PV46626A,46626A,901165,,,-,
RS385PV46626A,46626A,962247H,,,-,
RS385PV46626A,46626A,891103,,,-,
RS385PV46636A,46636A,127423,,,-,
RS385PV46636A,46636A,962247H,,,-,
RS385PV46636A,46636A,981951,,,-,
RS385PV46636A,46636A,871103,,,-,
RS385PV46636A,46636A,981928,,,-,
RS385PV46636A,46636A,901165,,,-,
RS385PV46636A,46636A,955484Q,,,-,
RS385PV46648A,46648A,223388,,,-,
RS385PV46654A,46654A,962308H,,,DD,
RS385PV46654A,46654A,962382H,,,-,
RS385PV46662B,46662B,220707,,,-,
RS385PV46662B,46662B,891069S,,,-,
RS385PV46662C,46662C,220707,,,DD,
RS385PV46662C,46662C,891069S,,,-,
RS385PV46662C,46662C,950683Q,,,-,
RS385PV46681A,46681A,223388,,,-,
RS385PV46694A,46694A,871103,,,-,
RS385PV46694A,46694A,901165,,,-,
RS385PV46694A,46694A,981951,,,-,
RS385PV46694A,46694A,981928,,,-,
RS385PV46694A,46694A,955484Q,,,-,
RS385PV46694A,46694A,955252Q,,,-,
RS385PV46724C,46724C,860072V,WEEK,"List excel
File data PDF 
(Nhập SLSX vào file data PDF+ lưu tên file theo yêu cầu KH)",TB,3.5
RS385PV46707C,46707C,870053X,MONTH,,TB,
RS385PV46707C,46707C,889675W,MONTH,,TB,
RS385PV46897A,46897A,101560,,,-,
RS385PV46897A,46897A,962259H,MONTH,Nhập form (QMF-004),DD (QMF-004),
RS385PV46897B,46897B,101550,,,-,
RS385PV46897C,46897C,101550,,,-,
RS385PV46897C,46897C,886184C,,,-,
RS385PV46928A,46928A,981951,,,-,
RS385PV46928A,46928A,871103,,,-,
RS385PV46928A,46928A,981928,,,-,
RS385PV46928A,46928A,955252Q,,,-,
RS385PV46928A,46928A,955484Q,,,-,
RS385PV46937A,46937A,127928Y,,,-,
RS385PV46937A,46937A,901165,,,-,
RS385PV46937A,46937A,890509S,,,-,
RS385PV46937B,46937B,890509S,,,-,
RS385PV46937B,46937B,953505Q,,,-,
RS385PV46957A,46957A,981951,,,-,
RS385PV46957A,46957A,871103,,,-,
RS385PV46957B,46957B,127423,,,-,
RS385PV46957B,46957B,871103,,,-,
RS385PV46957B,46957B,981951,,,-,
RS385PV46957B,46957B,957555S,MONTH,,DD,8.0
RS385PV46957B,46957B,981928,,,-,
RS385PV46957B,46957B,951756Q,,,-,
RS385PV46957B,46957B,955484Q,,,-,
RS385PV46957B,46957B,955252Q,,,-,
RS385PV46959B,46959B,957217S,MONTH,,TB,3.5
RS385PV46959B,46959B,957258S,MONTH,,TB,
RS385PV46959B,46959B,951087E,MONTH,,TB,3.5
RS385PV46959B,46959B,860072V,WEEK,"List excel
File data PDF 
(Nhập SLSX vào file data PDF+ lưu tên file theo yêu cầu KH)",TB,3.5
RS385PV47102A,47102A,127423,,,-,
RS385PV47102A,47102A,957555S,MONTH,,DD,8.0
RS385PV47102A,47102A,981928,,,-,
RS385PV47102A,47102A,951756Q,,,-,
RS385PV47102A,47102A,871103,,,-,
RS385PV47102A,47102A,981951,,,-,
RS385PV47102A,47102A,955484Q,,,-,
RS385PV47102A,47102A,955252Q,,,-,
RS385PV47108A,47108A,860072V,WEEK,"List excel
File data PDF 
(Nhập SLSX vào file data PDF+ lưu tên file theo yêu cầu KH)",TB,3.5
RS385PV47242B,47242B,962007H,,,-,
RS385PV47242B,47242B,127928Y,,,-,
RS385PV47242C,47242C,127928Y,,,-,
RS385PV47242C,47242C,962007H,,,-,
RS385PV47259A,47259A,127423,,,-,
RS385PV47259A,47259A,871103,,,-,
RS385PV47259A,47259A,962247H,,,-,
RS385PV47259A,47259A,955260Q,,,-,
RS385PV47259A,47259A,981928,,,-,
RS385PV47259A,47259A,981951,,,-,
RS385PV47259A,47259A,955484Q,,,-,
RS385PV47259A,47259A,955252Q,,,-,
RS385PV47259A,47259A,920371H,MONTH,,DD,
RS385PV47371B,47371B,102509,,,-,
RS385PV47371B,47371B,958314,MONTH,,DD,
RS385PV47371B,47371B,951137E,,,-,
RS385PV47371C,47371C,958314,MONTH,,DD,
RS385PV47371C,47371C,951137E,,,-,
RS385PV47371C,47371C,951588Q,,,-,
RS385PV47377A,47377A,100750,,,-,
RS385PV47377A,47377A,951087E,MONTH,,TB,3.5
RS385PV47382A,47382A,100750,,,-,
RS385PV47382A,47382A,951087E,MONTH,,TB,3.5
RS385PV47382D,47382D,951087E,MONTH,,TB,3.5
RS385PV47461A,47461A,939678H,,,-,
RS385PV47461A,47461A,962206H,,,-,
RS385PV47424A,47424A,951103E,MONTH,,TB,3.5
RS385PV47424A,47424A,860072V,WEEK,"List excel
File data PDF 
(Nhập SLSX vào file data PDF+ lưu tên file theo yêu cầu KH)",TB,3.5
RS385PV47591A,47591A,509067U,,,-,
RS385PV47968A,47968A,860072V,WEEK,"List excel
File data PDF 
(Nhập SLSX vào file data PDF+ lưu tên file theo yêu cầu KH)",TB,3.5
RS385PV48081A,48081A,890509S,,,-,
RS385PV48081A,48081A,953505Q,,,-,
RS385PV48067A,48067A,193458,,,-,
RS385PW46611A,46611A,223388,,,-,
RS385PW46611A,46611A,961194H,MONTH,Nhập form (QMF-004),DD (QMF-004),
RS385PW46611A,46611A,962307H,MONTH,,DD,8.0
RS385PW46617A,46617A,223388,,,-,
RS385PW46617A,46617A,961194H,MONTH,Nhập form (QMF-004),DD (QMF-004),
RS385PW46617B,46617B,961194H,MONTH,Nhập form (QMF-004),DD (QMF-004),
RS385PW46650A,46650A,223388,,,-,
RS385PW47243B,47243B,127928Y,,,-,
RS385PW47243B,47243B,962007H,,,-,
RS385PW47243C,47243C,127928Y,,,-,
RS385PW47243C,47243C,962007H,,,-,
RS385PW47243D,47243D,962007H,,,-,
RS385PW47658A,47658A,962037H,MONTH,,DD,8.0
RS385PW47658A,47658A,961194H,MONTH,Nhập form (QMF-004),DD (QMF-004),
RS385PW48068A,48068A,193458,,,-,
RS385SH71469A,71469A,138222,,,-,
RS385SH71470C,71470C,128504A,,,-,
RS385SH71471B,71471B,506188U,,,-,
RS385SH71471D,71471D,506188U,,,-,
RS385SH71475B,71475B,510990,,,-,
RS385SH71475B,71475B,506188U,,,-,
RS385SH71475D,71475D,506188U,,,-,
RS385SH71476B,71476B,506188U,,,-,
RS385SH73092G,73092G,204198N,,,-,
RS385SH73092G,73092G,871129,,,-,
RS385SH73092G,73092G,191460,,,-,
RS385SH73092H,73092H,204198N,,,-,
RS385SH73092J,73092J,871129,,,-,
RS385SH73092J,73092J,882068K,MONTH,,DD,8.0
RS385SH73092J,73092J,191460,,,-,
RS385SH73092K,73092K,101097,,,-,
RS385SH73092N,73092N,204198N,,,-,
RS385SH73092P,73092P,204198N,,,-,
RS385SH73092Q,73092Q,101097,,,-,
RS385SH73092Q,73092Q,191460,,,-,
RS385SH73092X,73092X,871129,,,-,
RS385SH73092V,73092V,204198N,,,-,
RS385SH73092W,73092W,101097,,,-,
RS385SH73092W,73092W,191460,,,-,
RS385SH73326G,73326G,204198N,,,-,
RS385SH73326J,73326J,204198N,,,-,
RS385SH73326K,73326K,204198N,,,-,
RS385SH73326L,73326L,204198N,,,-,
RS385SH73326M,73326M,204198N,,,-,
RS385SH74050C,74050C,871129,,,-,
RS385SH74050F,74050F,871129,,,-,
RS385SH74050F,74050F,952820Q,,,-,
RS385SH74293D,74293D,204198N,,,-,
RS385SH74293D,74293D,191460,,,-,
RS385SH74293F,74293F,191460,,,-,
RS385SH74293G,74293G,191460,,,-,
RS385SH74293G,74293G,871129,,,-,
RS385SH74293G,74293G,204198N,,,-,
RS385SH74293H,74293H,101097,,,-,
RS385SH74293M,74293M,871129,,,-,
RS385SH74293N,74293N,101097,,,-,
RS385SH74293N,74293N,191460,,,-,
RS385SH74293R,74293R,871129,,,-,
RS385SH74293S,74293S,101097,,,-,
RS385SH74293S,74293S,191460,,,-,
RS385SH74293W,74293W,191460,,,-,
RS385SH74293W,74293W,952820Q,,,-,
RS385SH74293V,74293V,871129,,,-,
RS385SH74293V,74293V,952820Q,,,-,
RS385SH74293U,74293U,204198N,,,-,
RS385SH74293U,74293U,952820Q,,,-,
RS385SH74349E,74349E,204198N,,,-,
RS385SH74349H,74349H,191460,,,-,
RS385SH74349H,74349H,871129,,,-,
RS385SH74349J,74349J,101097,,,-,
RS385SH74349N,74349N,871129,,,-,
RS385SH74349K,74349K,204198N,,,-,
RS385SH74349P,74349P,204198N,,,-,
RS385SH74349Q,74349Q,101097,,,-,
RS385SH74349Q,74349Q,191460,,,-,
RS385SH74349R,74349R,204198N,,,-,
RS385SH74349S,74349S,871129,,,-,
RS385SH74349U,74349U,101097,,,-,
RS385SH74349U,74349U,191460,,,-,
RS385SH74349X,74349X,191460,,,-,
RS385SH74349X,74349X,952820Q,,,-,
RS385SH74349V,74349V,204198N ,,,-,
RS385SH74349W,74349W,871129,,,-,
RS385SH74349W,74349W,952820Q,,,-,
RS385SH74729C,74729C,191460,,,-,
RS385SH74729D,74729D,101097,,,-,
RS385SH74729G,74729G,101097,,,-,
RS385SH74729G,74729G,191460,,,-,
RS385SH74729H,74729H,101097,,,-,
RS385SH74729H,74729H,191460,,,-,
RS385SH74729J,74729J,191460,,,-,
RS385SH74729J,74729J,952820Q,,,-,
RS385SH74835A,74835A,506188U,,,-,
RS385SH74835A,74835A,510990,,,-,
RS385SH76035A,76035A,884114,,,-,
RS385SH76035A,76035A,882944K,,,-,
RS385SH76035B,76035B,882944K,,,-,
RS385SH76244A,76244A,204198N,,,-,
RS385SH76244A,76244A,952820Q,,,-,
RS385SH76244B,76244B,191460,,,-,
RS385SH76244B,76244B,952820Q,,,-,
RS385SH76244C,76244C,871129,,,-,
RS385SH76244C,76244C,952820Q,,,-,
RS425PV46038B,46038B,981951,,,-,
RS425PV46038B,46038B,957555S,MONTH,,DD,8.0
RS425PV46038B,46038B,871103,,,-,
RS425PV46038B,46038B,962247H,,,-,
RS425PV46038B,46038B,981928,,,-,
RS425PV46038B,46038B,955252Q,,,-,
RS425PV46038B,46038B,955484Q,,,-,
RS425PV46212A,46212A,901165,,,-,
RS425PV46311C,46311C,106203,,,-,
RS425PV46312C,46312C,106203,,,-,
RS425PV47255B,47255B,889964W,MONTH,,DD,
RS425PV47533A,47533A,889675W,MONTH,,TB,
RS425PV47533A,47533A,889857W,,,-,
RS425PV48503A,48503A,888156W ,,,-,
RS435PV45717B,45717B,934067H,MONTH,Nhập form (QMF-004),DD (QMF-004),
RS435PV45717C,45717C,934067H,MONTH,Nhập form (QMF-004),DD (QMF-004),
RS435PV45717D,45717D,934067H,MONTH,Nhập form (QMF-004),DD (QMF-004),
RS435PV46207B,46207B,901165,,,-,
RS435PV46207B,46207B,962368H,,,-,
RS435PV46207C,46207C,962368H,,,-,
RS435PV46509A,46509A,127423,,,-,
RS435PV46509A,46509A,871103,,,-,
RS435PV46509A,46509A,981951,,,-,
RS435PV46509A,46509A,981928,,,-,
RS435PV46509A,46509A,955484,,,-,
RS435PV46509A,46509A,955252Q,,,-,
RS435PV46548C,46548C,860072V,WEEK,"List excel
File data PDF 
(Nhập SLSX vào file data PDF+ lưu tên file theo yêu cầu KH)",TB,3.5
RS435PV46556A,46556A,127423,,,-,
RS435PV46556A,46556A,871103,,,-,
RS435PV46681A,46681A,223388,,,-,
RS435PV46681A,46681A,962307H,MONTH,,DD,8.0
RS435PV46681A,46681A,961194H,MONTH,Nhập form (QMF-004),DD (QMF-004),
RS435PV47179A,47179A,901165,,,-,
RS435PV47306A,47306A,127423,,,-,
RS435PV47306A,47306A,981951,,,-,
RS435PV47306A,47306A,981928,,,-,
RS435PV47306A,47306A,955252Q,,,-,
RS435PV47307A,47307A,127423,,,-,
RS435PV47307A,47307A,981951,,,-,
RS435PV47307A,47307A,981928,,,-,
RS435PV47307A,47307A,955252Q,,,-,
RS435PV47579A,47579A,981951,,,-,
RS435PV47579A,47579A,981928,,,-,
RS435PV47579A,47579A,955260Q,,,-,
RS435PV47579A,47579A,955252Q,,,-,
RS435PV47842A,47842A,203844N,,,-,
RS435PV48041A,48041A,981720S,,,-,
RS435PV48041A,48041A,901165,,,-,
RS435PV48089A,48089A,962247H,,,-,
RS435PV48163A,48163A,191064,,,-,
RS435PV48164A,48164A,191064,,,-,
RS435PV48532A,48532A,191064,,,-,
RS435PW46765A,46765A,223388,,,-,
RS435PW46765A,46765A,962307H,MONTH,,DD,8.0
RS435PW46765A,46765A,961194H,MONTH,Nhập form (QMF-004),DD (QMF-004),
RS435PW46803A,46803A,223388,,,-,
RS445PA41100C,41100C,957555S,MONTH,,DD,8.0
RS445PA41100C,41100C,981928,,,-,
RS445PA41100C,41100C,871103,,,-,
RS445PA41100C,41100C,955484Q,,,-,
RS445PA41101B,41101B,871103,,,-,
RS445PA41101B,41101B,981928,,,-,
RS445PA41101B,41101B,955484Q,,,-,
RS445PA41102B,41102B,871103,,,-,
RS445PA41102B,41102B,981928,,,-,
RS445PA41102B,41102B,981951,,,-,
RS445PA41102B,41102B,955484Q,,,-,
RS445PA42204A,42204A,106468,,,-,
RS445PA46357A,46357A,957555S,MONTH,,DD,8.0
RS445PA46357A,46357A,871103,,,-,
RS445PA46357A,46357A,955484Q,,,-,
RS445PD41104B,41104B,871103,,,-,
RS445PD41104B,41104B,981928,,,-,
RS445PD41104B,41104B,981951,,,-,
RS445PD41104B,41104B,955484Q,,,-,
RS445PD41104B,41104B,955252Q,,,-,
RS445PD42183B,42183B,871103,,,-,
RS445PD42183B,42183B,955484Q,,,-,
RS445PD44146B,44146B,957217S,MONTH,,TB,3.5
RS445PD44146F,44146F,860072V,WEEK,"List excel
File data PDF 
(Nhập SLSX vào file data PDF+ lưu tên file theo yêu cầu KH)",TB,3.5
RS445PD44146G,44146G,860072V,WEEK,"List excel
File data PDF 
(Nhập SLSX vào file data PDF+ lưu tên file theo yêu cầu KH)",TB,3.5
RS445PD44294C,44294C,934067H,MONTH,Nhập form (QMF-004),DD (QMF-004),
RS446VA74240A,74240A,511915,,,-,
RS446VA74240A,74240A,901165,,,-,
RS446VA74240A,74240A,505149U,,,-,
RS446VA74240A,74240A,885665C,MONTH,,TB,8.0
RS446VA74240B,74240B,505149U,,,-,
RS446VA74240B,74240B,885665C,MONTH,,TB,8.0
RS446VA74618B,74618B,511915,,,-,
RS446VA74618B,74618B,505149U,,,-,
RS446VA74618C,74618C,505149U,,,-,
RS446VA74793B,74793B,887323,,,-,
RS446VA74793B,74793B,887323C,MONTH,,DD,8.0
RS446VA75042B,75042B,208181,,,-,
RS446VA75042B,75042B,885848C,MONTH,,DD,8.0
RS446VA75042C,75042C,208181,,,-,
RS446VA75042C,75042C,892240C,MONTH,,TB,8.0
RS446VA75043A,75043A,888123C,MONTH,,TB,8.0
RS446VA75043A,75043A,885665C,MONTH,,TB,8.0
RS446VA75043C,75043C,885665C,MONTH,,TB,8.0
RS446VA75043D,75043D,885665C,MONTH,,TB,8.0
RS446VA75259A,75259A,204644N,,,-,
RS446VA75259B,75259B,204644N,,,-,
RS446VA75322A,75322A,962339H,,,-,
RS446VA75322A,75322A,889790W,,,-,
RS446VA75404A,75404A,880948C,MONTH,,DD,8.0
RS446VA75595A,75595A,887323C,MONTH,,DD,8.0
RS446VA75503A,75503A,882035K,MONTH,,DD,8.0
RS446VA75503B,75503B,882035K,MONTH,,DD,8.0
RS446VA75605A,75605A,887323C,MONTH,,DD,8.0
RS446VA75618A,75618A,502849U,,,-,
RS446VA75618B,75618B,502849U,,,-,
RS446VA75618B,75618B,895441C,MONTH,,DD,8.0
RS446VA75618C,75618C,502849U,,,-,
RS446VA75618C,75618C,896506C,MONTH,,DD,8.0
RS446VA75618D,75618D,502849U,,,-,
RS446VA75664A,75664A,889790W,,,-,
RS446VA75723A,75723A,,,,-,
RS446VA75723B,75723B,889345W,MONTH,,DD,8.0
RS446VA75733A,75733A,888123C,MONTH,,TB,8.0
RS446VA75733A,75733A,885665C,MONTH,,TB,8.0
RS446VA75746A,75746A,884775K,,,-,
RS446VA75746A,75746A,882084K,MONTH,,DD,8.0
RS446VA75746A,75746A,883686K,MONTH,,TB,8.0
RS446VA75746A,75746A,886432C,MONTH,,DD,8.0
RS446VA75746B,75746B,886432C,MONTH,,DD,8.0
RS446VA75754A,75754A,880948C,MONTH,,DD,8.0
RS446VA75754A,75754A,892513C,,,-,
RS446VA75754C,75754C,880948C,MONTH,,DD,8.0
RS446VA75754C,75754C,892513C,,,-,
RS446VA75763A,75763A,880948C,MONTH,,DD,8.0
RS446VA75763A,75763A,892513C,,,-,
RS446VA75763B,75763B,880948C,MONTH,,DD,8.0
RS446VA75763B,75763B,892513C,,,-,
RS446VA75764A,75764A,880948C,MONTH,,DD,8.0
RS446VA75764A,75764A,892513C,,,-,
RS446VA75764B,75764B,892513C,,,-,
RS446VA75909A,75909A,889196W,,,-,
RS446VA75909B,75909B,889196W,MONTH,,DD,8.0
RS446VA76101B,76101B,888628C,MONTH,,DD,8.0
RS446VA76021B,76021B,300053N,,,-,
RS446VA76021B,76021B,501028U,,,-,
RS446VA76021C,76021C,501028U,,,-,
RS446VA76021C,76021C,300053N,,,-,
RS446VA76021D,76021D,501028U,,,-,
RS446VA76021D,76021D,300053N,,,-,
RS446VA76021D,76021D,300947X,,,-,
RS446VA76089B,76089B,300053N,,,-,
RS446VA76124A,76124A,894048C,,,-,
RS446VA76124A,76124A,501908U,,,-,
RS446VA76220A,76220A,888370W,MONTH,,DD,8.0
RS446VA76220A,76220A,888891W,,,-,
RS446VA76242A,76242A,882035K,MONTH,,DD,8.0
RS446VA76329C,76329C,892513C,,,-,
RS446VA76448B,76448B,300731X,,,-,
RS455PA42670F,42670F,957217S,MONTH,,TB,3.5
RS455PA42670F,42670F,951103E,MONTH,,TB,3.5
RS455PA42670G,42670G,951103E,MONTH,,TB,3.5
RS455PA43807C,43807C,871103,,,-,
RS455PA43807C,43807C,955484Q ,,,-,
RS455PA43807C,43807C,981928,,,-,
RS455PA44595D,44595D,957217S,MONTH,,TB,3.5
RS455PA44595D,44595D,957258S,MONTH,,TB,
RS455PA44595D,44595D,951087E,MONTH,,TB,3.5
RS455PA46198B,46198B,191064,,,-,
RS455PA46224A,46224A,860080S,MONTH,,TB,
RS455PA46224A,46224A,957258S,MONTH,,TB,
RS455PA46224A,46224A,860072V,WEEK,"List excel
File data PDF 
(Nhập SLSX vào file data PDF+ lưu tên file theo yêu cầu KH)",TB,3.5
RS455PA46224A,46224A,951087E,MONTH,,TB,3.5
RS455PA46224C,46224C,860072V,WEEK,"List excel
File data PDF 
(Nhập SLSX vào file data PDF+ lưu tên file theo yêu cầu KH)",TB,3.5
RS455PA46224D,46224D,100750,,,-,
RS455PA46224D,46224D,860072V,WEEK,"List excel
File data PDF 
(Nhập SLSX vào file data PDF+ lưu tên file theo yêu cầu KH)",TB,3.5
RS455PA46224D,46224D,951087E,MONTH,,TB,3.5
RS455PA46932B,46932B,957217S,MONTH,,TB,3.5
RS455PA47967A,47967A,860072V,WEEK,"List excel
File data PDF 
(Nhập SLSX vào file data PDF+ lưu tên file theo yêu cầu KH)",TB,3.5
RS4A5PA43350D,43350D,981951,,,-,
RS4B5PA43527A,43527A,891589S,,,-,
RS4B5PA43527A,43527A,300145N,,,-,
RS4B5PA43528B,43528B,981951,,,-,
RS4B5PA43528B,43528B,871103,,,-,
RS4B5PA43529A,43529A,981928,,,-,
RS4B5PA43529A,43529A,920371H,MONTH,,DD,
RS4B5PA43529A,43529A,962247H,,,-,
RS4B5PA43529A,43529A,981951,,,-,
RS4B5PA43529A,43529A,961127H,MONTH,,DD,
RS4B5PA43529C,43529C,981951,,,-,
RS4B5PA45620A,45620A,962308H,MONTH,Nhập form (QMF-004),DD (QMF-004),
RS4B5PA45620A,45620A,901165,,,-,
RS4F5VA73469G,73469G,860049V,WEEK,"Nhập SLSX 
vào file PDF",TB,8.0
RS4F5VA73660G,73660G,860049V,WEEK,"Nhập SLSX 
vào file PDF",TB,8.0
RS4F5WA73197B,73197B,501106U,,,-,
RS4F5WA73197D,73197D,501106U,,,-,
RS4F5WA74640C,74640C,510990,,,-,
RS4F5WA74676C,74676C,507996U,,,-,
RS4F5WA74676C,74676C,508119U,MONTH,,DD,
RS4F5WA74676D,74676D,507996U,,,-,
RS4F5WA74676D,74676D,508119U,MONTH,,DD,
RS4F5WA74716D,74716D,883553K,,,-,
RS4F5WA74716D,74716D,884601K,MONTH,,TB,8.0
RS4F5WA74792E,74792E,510420,,,-,
RS4F5WA74792E,74792E,510990,,,-,
RS4F5WA74792E,74792E,890608C,,,-,
RS4F5WA74792F,74792F,510990,,,-,
RS4F5WA74792F,74792F,510420,,,-,
RS4F5WA74792F,74792F,890608C,MONTH,,DD,8.0
RS4F5WA74792F,74792F,888230W,,,-,
RS4F5WA74792G,74792G,510420,,,-,
RS4F5WA74792G,74792G,510990,,,-,
RS4F5WA74792J,74792J,890608C,MONTH,,DD,8.0
RS4F5WA74792M,74792M,890608C,MONTH,,DD,8.0
RS4F5WA74792N,74792N,510990,,,-,
RS4F5WA74792P,74792P,890608C,MONTH,,DD,8.0
RS4F5WA75548A,75548A,884056K,MONTH,,DD,8.0
RS4F5WA75548B,75548B,884056K,MONTH,,DD,8.0
RS4F5WA75142C,75142C,882100K,MONTH,,DD,8.0
RS4F5WA75969A,75969A,941252,MONTH,,TB,8.0
RS4F5WA75969A,75969A,884601K,MONTH,,DD,8.0
RS4F5WA75969A,75969A,951368Q,,,-,
RS4F5WA76095A,76095A,893529C,,,-,
RS4F5WA76095A,76095A,895854C,MONTH,,DD,8.0
RS4F5WA76099A,76099A,893529C,,,-,
RS4F5WA76099A,76099A,895854C,,,-,
RS4F5WA76144A,76144A,204172N,,,-,
RS4F5WA76229A,76229A,896316C,,,-,
RS4F5WA76229B,76229B,896316C,,,-,
RS4F5WA76229C,76229C,896316C,,,-,
RS4F5WA76293A,76293A,884262K,MONTH,,DD,8.0
RS4F5WA76293B,76293B,884262K,MONTH,,DD,8.0
RS4F5WB74214F,74214F,510990,,,-,
RS4F5WB74214F,74214F,506188U,,,-,
RS4F5WB74214J,74214J,510990,,,-,
RS4F5WB74214G,74214G,506188U,,,-,
RS4F5WB74214K,74214K,510990,,,-,
RS4F5WB74214K,74214K,506188U,,,-,
RS4F5WB74486D,74486D,506188U,,,-,
RS4F5WB74486F,74486F,510990,,,-,
RS4F5WB74486G,74486G,510990,,,-,
RS4F5WB74486G,74486G,506188U,,,-,
RS4F5WB74903C,74903C,128645T,,,-,
RS4F5WB74903C,74903C,128645K,,,-,
RS4F5WB75530B,75530B,508002U,,,-,
RS4F5WB75530B,75530B,510420,,,-,
RS4F5WB75530B,75530B,890608C,,,-,
RS4F5WB75530C,75530C,508002U,,,-,
RS4F5WB75530C,75530C,890608C,MONTH,,DD,8.0
RS4F5WB75530C,75530C,510420,,,-,
RS4F5WB75530E,75530E,508002U,,,-,
RS4F5WB75530E,75530E,890608C,MONTH,,DD,8.0
RS4F5WB75530E,75530E,510420,,,-,
RS4F5WB75530G,75530G,890608C,MONTH,,DD,8.0
RS4G5WB74643C,74643C,507996U,,,-,
RS4G5WB74643C,74643C,508119U,MONTH,,DD,
RS4G5WB74643C,74643C,885772C,MONTH,,DD,8.0
RS4G5WB76309A,76309A,884601K,MONTH,,TB,8.0
RS4G5WB76332A,76332A,884296K,MONTH,,DD,8.0
RS557PB76522A,76522A,510404,,,-,
RS557VA76376C,76376C,192005,,,-,
RS557VA76376C,76376C,192013,,,-,
RS557VB76528A,76528A,510404,,,-,
RS557VB76528A,76528A,883504C,MONTH,,TB,8.0
RS645VA44867G,44867G,860064V,WEEK,"List excel
File data PDF 
(Nhập SLSX vào file data PDF+ ko nén file)",DD,8.0
RS645VA45315B,45315B,957258S,MONTH,,TB,
RS645VA45315B,45315B,957217S,MONTH,,TB,3.5
RS645VA45315B,45315B,951103E,MONTH,,TB,3.5
RS645VA45315B,45315B,860072V,WEEK,"List excel
File data PDF 
(Nhập SLSX vào file data PDF+ lưu tên file theo yêu cầu KH)",TB,3.5
RS645VA45315B,45315B,951087E,MONTH,,TB,3.5
RS645VA45434C,45434C,860189V,WEEK,,DD,8.0
RS645VA45447D,45447D,860064V,WEEK,"List excel
File data PDF 
(Nhập SLSX vào file data PDF+ ko nén file)",DD,8.0
RS645VA45521C,45521C,109520,,,-,
RS645VA45841C,45841C,957258S,MONTH,,TB,
RS645VA45841C,45841C,957217S,MONTH,,TB,3.5
RS645VA45841C,45841C,951103E,MONTH,,TB,3.5
RS645VA45924B,45924B,962258H,,,-,
RS645VA45924B,45924B,957886,,,-,
RS645VA45924B,45924B,954388Q,MONTH,,TB,8.0
RS645VA45968B,45968B,957217S,MONTH,,TB,3.5
RS645VA45968B,45968B,951103E,MONTH,,TB,3.5
RS645VA45976B,45976B,957217S,MONTH,,TB,3.5
RS645VA46057B,46057B,891572S,,,-,
RS645VA46057B,46057B,952424Q,,,-,
RS645VA46238C,46238C,871103,,,-,
RS645VA46238C,46238C,955484Q,,,-,
RS645VA46393B,46393B,220707,,,-,
RS645VA46393B,46393B,887638C,,,-,
RS645VA46478A,46478A,962258H,,,-,
RS645VA46478A,46478A,957886,,,-,
RS645VA46478A,46478A,962407H,,,-,
RS645VA46585B,46585B,127423,,,-,
RS645VA46585B,46585B,871103,,,-,
RS645VA46585B,46585B,981951,,,-,
RS645VA46585B,46585B,981928,,,-,
RS645VA46585B,46585B,962247H,,,-,
RS645VA46585B,46585B,955252Q,,,-,
RS645VA46690A,46690A,957217S,MONTH,,TB,3.5
RS645VA46690A,46690A,951103E,MONTH,,TB,3.5
RS645VA46903B,46903B,957217S,MONTH,,TB,3.5
RS645VA46903B,46903B,951103E,MONTH,,TB,3.5
RS645VA46905A,46905A,957217S,MONTH,,TB,3.5
RS645VA46905A,46905A,957258S,MONTH,,TB,
RS645VA46905A,46905A,951087E,MONTH,,TB,3.5
RS645VA47178A,47178A,901165,,,-,
RS645VA47178A,47178A,889089W,,,-,
RS645VA47214A,47214A,127423,,,-,
RS645VA47214A,47214A,871103,,,-,
RS645VA47214A,47214A,962247H,,,-,
RS645VA47214A,47214A,955484Q,,,-,
RS645VA47246A,47246A,962247H,,,-,
RS645VA47246A,47246A,871103,,,-,
RS645VA47246A,47246A,955484Q ,,,-,
RS645VA47478B,47478B,889410W,,,-,
RS645VA47478B,47478B,962124H,,,-,
RS645VA47966A,47966A,860072V,WEEK,"List excel
File data PDF 
(Nhập SLSX vào file data PDF+ lưu tên file theo yêu cầu KH)",TB,3.5
RS645VA48084A,48084A,191064,,,-,
RS645VA48005B,48005B,951103E,MONTH,,TB,3.5
RS645VA48006B,48006B,951103E,MONTH,,TB,3.5
RS645VA48047B,48047B,109520,-,-,-,
RS645VA48047B,48047B,933853H,-,-,-,
RS645VA48178A,48178A,191064,,,-,
RS645VA48227A,48227A,191064,,,-,
RS645VA48235A,48235A,962147H,,,-,
RS655VA46167B,46167B,901165,,,-,
RS655VA46503A,46503A,102509,,,-,
RS655VA46503A,46503A,860205V,WEEK,"File data PDF
(Nhập SLSX vào file PDF + lưu tên file theo yêu cầu KH)",TB,8.0
RS655VA46503B,46503B,860205V,WEEK,"File data PDF
(Nhập SLSX vào file PDF + lưu tên file theo yêu cầu KH)",TB,8.0
RS655VA46503C,46503C,860205V,WEEK,"File data PDF
(Nhập SLSX vào file PDF + lưu tên file theo yêu cầu KH)",TB,8.0
RS656WA72733H,72733H,510404,,,-,
RS656WA72733H,72733H,300533N,,,-,
RS656WA72733H,72733H,506543U,,,-,
RS656WA72733H,72733H,883504C,MONTH,,TB,8.0
RS656WA74077J,74077J,192013,,,-,
RS656WA74077M,74077M,192013,,,-,
RS656WA74984A,74984A,883504C,MONTH,,TB,8.0
RS656WA74984B,74984B,883504C,MONTH,,TB,8.0
RS656WA74984C,74984C,883504C,MONTH,,TB,8.0
RS656WA74984C,74984C,888222W,,,-,
RS656WA74984F,74984F,883504C,MONTH,,TB,8.0
RS656WA75109A,75109A,504746U,,,-,
RS656WA75109A,75109A,300533N,,,-,
RS656WA75109A,75109A,506543U,,,-,
RS656WA75109A,75109A,506139U,,,-,
RS656WA75109B,75109B,504746U,,,-,
RS656WA75109B,75109B,506543U,,,-,
RS656WA75109C,75109C,510404,,,-,
RS656WA75109C,75109C,300533N,,,-,
RS656WA75109C,75109C,506139U,,,-,
RS656WA75109C,75109C,506543U,,,-,
RS656WA75109H,75109C,510404,,,-,
RS656WA75109H,75109C,506543U,,,-,
RS656WA75109H,75109C,300533N,,,-,
RS656WA75109H,75109C,506139U,,,-,
RS656WA75110A,75110A,504746U,,,-,
RS656WA75110A,75110A,300533N,,,-,
RS656WA75110A,75110A,506543U,,,-,
RS656WA75110B,75110B,510404,,,-,
RS656WA75110B,75110B,506543U,,,-,
RS656WA75110C,75110C,510404,,,-,
RS656WA75110C,75110C,300533N,,,-,
RS656WA75110C,75110C,506543U,,,-,
RS656WA75110F,75110F,510404,,,-,
RS656WA75110F,75110F,506543U,,,-,
RS656WA75110F,75110F,300533N,,,-,
RS656WA75497A,75497A,200279N,,,-,
RS656WA75497B,75497B,200279N,,,-,
RS656WA75497B,75497B,300848X,,,-,
RS656WA75442A,75442A,192005,,,-,
RS656WA75442B,75442B,192005,,,-,
RS656WA75442B,75442B,300848X,,,-,
RS656WA75442C,75442C,192005,,,-,
RS656WA75442C,75442C,300848X,,,-,
RS656WA75442D,75442D,192005,,,-,
RS656WA75583A,75583A,510404,,,-,
RS656WA75583A,75583A,300533N,,,-,
RS656WA75583B,75583B,510404,,,-,
RS656WA75583B,75583B,300533N,,,-,
RS656WA75583C,75583C,510404,,,-,
RS656WA75583C,75583C,300533N,,,-,
RS656WA75583E,75583E,300533N,,,-,
RS656WA75791B,75791B,192013,,,-,
RS656WA75791C,75791C,192013,,,-,
RS656WA76187A,76187A,510404,,,-,
RS656WA76389A,76389A,510404,,,-,
RS656WA76390A,76390A,510404,,,-,
RS656WE75704C,75704C,300533N,,,-,
RS656WE75704C,75704C,510404,,,-,
RS656WE75704C,75704C,508564U,,,-,
RS656WE76330A,76330A,508564U,,,-,
RS656WE76330A,76330A,510404,,,-,
RS656WE76330A,76330A,300533N,,,-,
RZ54AXA75181A,75181A,510495U,,,-,
RZ54AXA75181A,75181A,203364N,,,-,
RZ54AXA75181B,75181B,510495U,,,-,
RZ54AXA75181B,75181B,203364N,,,-,
RZ54AXA75181C,75181C,510495U,,,-,
RZ54AXA75181C,75181C,203364N,,,-,
RZ54AXA75182A,75182A,510495U,,,-,
RZ54AXA75182A,75182A,203364N,,,-,
RZ54AXA75182B,75182B,510495U,,,-,
RZ54AXA75182B,75182B,203364N,,,-,
RZ54AXA75182C,75182C,510495U,,,-,
RZ54AXA75182C,75182C,203364N,,,-,
RZ54AXA75183A,75183A,510495U,,,-,
RZ54AXA75183A,75183A,203364N,,,-,
RZ54AXA75183B,75183B,510495U,,,-,
RZ54AXA75183B,75183B,203364N,,,-,
RZ54AXA75183C,75183C,510495U,,,-,
RZ54AXA75183C,75183C,203364N,,,-,
RZ54AXA75184A,75184A,510495U,,,-,
RZ54AXA75184A,75184A,203364N,,,-,
RZ54AXA75184B,75184B,510495U,,,-,
RZ54AXA75184B,75184B,203364N,,,-,
RZ54AXA75184C,75184C,203364N,,,-,
RZ54AXA75184C,75184C,510495U,,,-,
RZ54AXA75185A,75185A,510495U,,,-,
RZ54AXA75185A,75185A,203364N,,,-,
RZ54AXA75185B,75185B,510495U,,,-,
RZ54AXA75185B,75185B,203364N,,,-,
RZ54AXA75185C,75185C,510495U,,,-,
RZ54AXA75185C,75185C,203364N,,,-,
RZ54AXA75186A,75186A,510495U,,,-,
RZ54AXA75186A,75186A,203364N,,,-,
RZ54AXA75186B,75186B,510495U,,,-,
RZ54AXA75186B,75186B,203364N,,,-,
RZ54AXA75186C,75186C,510495U,,,-,
RZ54AXA75186C,75186C,203364N,,,-,
RZ54AXA75187A,75187A,510495U,,,-,
TBOSL2047204C,47204C,510271,ORDER,,TB,
TBOSL2047204C,47204C,505461U,ORDER,,TB,
TBOSL2047204D,47204D,510271,ORDER,,TB,
TBOSL2047204D,47204D,505461U,ORDER,,TB,
TBOSL2047598A,47598A,510271,ORDER,,TB,
TBOSL2047598B,47598B,510271,ORDER,,TB,
TBOSL2047598B,47598B,505461U,ORDER,,TB,
TBOSL2047598D,47598D,510271,ORDER,,TB,
TBOSL2047598D,47598D,505461U,ORDER,,TB,
TBOSL2047598E,47598E,505461U,ORDER,,TB,
TBOSL2047598F,47598F,505461U,ORDER,,DD,
